{
  "project_info": {
    "project_number": "543034174060",
    "firebase_url": "https://textr-af7fc.firebaseio.com",
    "project_id": "textr-af7fc",
    "storage_bucket": "textr-af7fc.appspot.com"
  },
  "client": [
    {
      "client_info": {
        "mobilesdk_app_id": "1:543034174060:android:71f9d49b6a0b93ac118649",
        "android_client_info": {
          "package_name": "com.example.camera"
        }
      },
      "oauth_client": [
        {
          "client_id": "543034174060-0km5dimrpaivqli6no2lggm4fpco8ls9.apps.googleusercontent.com",
          "client_type": 1,
          "android_info": {
            "package_name": "com.example.camera",
            "certificate_hash": "815bdd2b9044e5f542eba2e7224871c5ed038f5f"
          }
        },
        {
          "client_id": "543034174060-ktj9f5cek0b6dhmi45ailrq1vc4ekcvl.apps.googleusercontent.com",
          "client_type": 3
        }
      ],
      "api_key": [
        {
          "current_key": "AIzaSyDVw35P_VH2A9nz995Z40Gb8JCCCixzd6Y"
        }
      ],
      "services": {
        "appinvite_service": {
          "other_platform_oauth_client": [
            {
              "client_id": "543034174060-ktj9f5cek0b6dhmi45ailrq1vc4ekcvl.apps.googleusercontent.com",
              "client_type": 3
            }
          ]
        }
      }
    }
  ],
  "configuration_version": "1"
}